yokoyama,14.413,15.806,1.393,全日本グループ 考えてた
yokoyama,19.076,21.427,2.351,これは新しくないなもう
yokoyama,34.065,36.112,2.047,金の代わり
yokoyama,49.834,52.219,2.385,お買い物リスト
yokoyama,87.854,88.627,0.773,料理屋さんで？
yokoyama,102.463,103.136,0.673,どういうことだ
yokoyama,108.209,109.072,0.863,ドアについてるってことが
yokoyama,132.381,132.709,0.328,たぶんあの
yokoyama,156.345,158.99,2.645,ものを分解する時の
yokoyama,190.89,191.336,0.446,鈍器だね
yokoyama,207.172,209.236,2.064,そうとうでかいのつくれそう
yokoyama,263.154,263.963,0.809,防具だね
yokoyama,376.581,377.363,0.782,原型なくなっちゃったよ
yokoyama,385.007,388.332,3.325,メモ なぜじゃなくなっちゃったよ
tsunoda,5.181,6.732,1.551,押しました
tsunoda,9.141,10.133,0.992,鍋
tsunoda,28.004,30.064,2.06,楽器
tsunoda,32.181,38.778,6.597,いいですね 鍋 東西 大きさとか 叩くものによって高さが変わって
tsunoda,39.937,40.745,0.808,音楽になりそう
tsunoda,52.978,53.867,0.889,家
tsunoda,79.314,82.321,3.007,何かお店で壁になれかかってるとこ
tsunoda,88.944,91.674,2.73,料理屋さんで まちっちゃい鍋とか
tsunoda,94.232,95.34,1.108,僕だけですか
tsunoda,102.318,104.24,1.922,あるあるあるある 結構ある
tsunoda,105.736,107.316,1.58,頭がフライパンになってる
tsunoda,112.462,114.487,2.025,アリスティンだそうだ
tsunoda,125.492,126.979,1.487,卓球はできそう
tsunoda,130.836,131.472,0.636,いいっすね
tsunoda,134.19,135.666,1.476,誰だことはない
tsunoda,141.007,142.575,1.568,あー確かに
tsunoda,160.981,163.686,2.705,入れ物としてのよかわ は 何でもできます
tsunoda,166.938,167.54,0.602,まあ
tsunoda,185.049,189.646,4.597,あれを縦にも権利もなるっていうかもよりも 公的にも使えそう
tsunoda,203.071,204.916,1.845,風呂場の桶の代わりにはなりそうです
tsunoda,214.49,215.136,0.646,有能だね
tsunoda,241.783,242.878,1.095,河田歯科
tsunoda,279.787,285.422,5.635,あれが何で高いか 明日メダルか使い 滑らかで
tsunoda,306.017,306.798,0.781,あー確かに
tsunoda,317.721,319.302,1.581,移動移動です
tsunoda,346.229,348.148,1.919,叩いてかぶってジャンケンポンで
tsunoda,350.235,351.958,1.723,守れるし
tsunoda,353.64,355.01,1.37,やつも鍋です
tsunoda,357.14,358.474,1.334,命がけよ
tsunoda,361.015,362.808,1.793,リスクだったら楽しんでね
tsunoda,373.781,375.137,1.356,飴を溶かす
tsunoda,380.397,381.671,1.274,鉄だよそれは
tamura,9.029,9.751,0.722,鍋
tamura,13.28,15.653,2.373,ほら
tamura,16.309,18.309,2.0,古来からの鍋
tamura,27.691,29.461,1.77,みたいなもん
tamura,36.884,38.255,1.371,オーディオがあります
tamura,49.82,51.261,1.441,猫の家が作れる
tamura,55.69,58.138,2.448,縦に長いからね これ以外の生徒だと厳しいです
tamura,58.954,59.427,0.473,そんな感じ
tamura,74.69,76.976,2.286,ディケイディケイ
tamura,77.69,78.463,0.773,でかい時計が
tamura,104.633,106.16,1.527,どういうこと
tamura,121.942,122.74,0.798,あーはいはいはい
tamura,126.532,127.557,1.025,妥協できる
tamura,140.211,140.896,0.685,フリスビー
tamura,142.068,143.705,1.637,本当にありがとうね
tamura,157.34,158.395,1.055,Siri
tamura,169.062,171.2,2.138,中野 火に強いから
tamura,172.307,175.726,3.419,重たいか なんか 費用 一から身を守る シールドとして中
tamura,178.759,182.555,3.796,気を使う 一強くていい場所
tamura,188.554,189.4,0.846,けんにもなる
tamura,200.784,202.432,1.648,ちょっとでかい 一寸法師
tamura,220.955,225.017,4.062,頑張って バンジージャンプで使えないかなと思ったけど無理そうです
tamura,230.254,231.793,1.539,無理
tamura,233.132,234.072,0.94,ショップリスト
tamura,244.928,246.173,1.245,普通に開いて
tamura,291.826,294.244,2.418,土鍋とかだったらなんか また それはそれで
tamura,296.029,298.245,2.216,茹でたパッションができた
tamura,300.065,300.935,0.87,そんなことあるか
tamura,311.061,312.259,1.198,持ち手があるから
tamura,318.288,319.288,1.0,いろいろ
tamura,322.659,324.843,2.184,水はけは悪いでしょうけどね
tamura,338.7,340.418,1.718,茹でた後で洗う仕組み
tamura,349.59,350.528,0.938,ラー 鍋
tamura,355.432,356.834,1.402,リンが出ますが
tamura,374.288,376.166,1.878,JK が
tamura,385.578,386.435,0.857,池田
tamura,402.379,404.138,1.759,絵を書きたい時に
tamura,405.43,407.896,2.466,同じ同じ大きさはかっこ 問いかけてます 予想
konishi,2.98,3.08,0.1,スター
konishi,5.199,7.121,1.922,押しました
konishi,10.549,11.393,0.844,鍋
konishi,20.115,21.437,1.322,俺は楽しくないんだもん
konishi,34.094,35.46,1.366,いいですね
konishi,41.886,42.647,0.761,鍋
konishi,45.604,48.945,3.341,あのってカット 鍋 奈良
konishi,51.109,52.378,1.269,猫が寝れる
konishi,54.422,56.225,1.803,ペット 的だね そうそうそう
konishi,59.251,61.043,1.792,でもこう 来るってなれば
konishi,63.037,64.002,0.965,まるまるが行ける
konishi,96.178,96.977,0.799,田舎
konishi,98.597,101.134,2.537,フライパンが ドアノブの店あるよね
konishi,108.032,109.904,1.872,あーそうそうそう アジサイとか
konishi,112.83,114.183,1.353,アビス 鎮火
konishi,115.376,116.49,1.114,汗 さえもそうだ
konishi,117.409,117.7,0.291,わかんあに
konishi,122.842,124.028,1.186,完璧だ
konishi,125.383,126.43,1.047,完璧
konishi,142.067,143.974,1.907,頑張れば相談
konishi,146.17,147.313,1.143,すぐ投げる
konishi,191.705,192.699,0.994,また
konishi,206.523,207.804,1.281,ちょっとね
konishi,211.043,213.253,2.21,ついでに筋力鍛えられそうだね
konishi,214.418,216.687,2.269,ものによっては ダンベルになる
konishi,227.504,228.827,1.323,こだわりがあるなあ
konishi,238.739,239.983,1.244,じゃあ 頭ます
konishi,242.048,242.952,0.904,行った
konishi,244.132,245.28,1.148,帽子
konishi,246.948,247.605,0.657,あら
konishi,250.674,252.275,1.601,ファッションとしての鍋
konishi,264.899,265.477,0.578,防具
konishi,268.575,271.229,2.654,遠目から見たら ベレー帽に見えなくもないし
konishi,273.278,275.047,1.769,ものによっては
konishi,308.981,310.458,1.477,移動させやすいね
konishi,315.206,316.474,1.268,移動させ
konishi,318.29,318.863,0.573,移動ね
konishi,325.821,327.914,2.093,飯でも いざという時も
konishi,329.136,331.462,2.326,根菜ならそのまま 火にかけれるから
konishi,336.244,339.414,3.17,新鮮だから 新鮮 踊り食い だから
konishi,354.08,355.279,1.199,ちょっと
konishi,356.901,358.5,1.599,ちょっと戦争 かもなあ
konishi,373.985,375.971,1.986,とんかつ鍋を溶かす
konishi,378.82,380.109,1.289,溶かしたら 鍋 なのかな
konishi,383.885,384.673,0.788,そう
konishi,390.098,391.443,1.345,ヴァベーネ
konishi,404.166,405.525,1.359,確かにね
konishi,432.958,435.007,2.049,海で海で鍋
ishibashi,4.485,6.898,2.413,スタート
ishibashi,41.146,43.175,2.029,確かに
ishibashi,76.215,77.013,0.798,方法
ishibashi,111.176,113.338,2.162,epist もそうだった気がする
ishibashi,124.321,126.486,2.165,確かに
ishibashi,132.572,134.395,1.823,危ないスポーツシリーズ ね
ishibashi,136.382,137.663,1.281,それだったら 鍋の逆に二つか
ishibashi,139.953,141.231,1.278,できるよね
ishibashi,161.37,162.528,1.158,確かに
ishibashi,189.776,190.598,0.822,そうだね
ishibashi,206.037,207.914,1.877,確かにね
ishibashi,214.314,215.868,1.554,有能 じゃん
ishibashi,228.953,229.872,0.919,頑張ってくれ
ishibashi,238.563,239.181,0.618,あ
ishibashi,244.453,246.308,1.855,まあ それでも最終 つったよな
ishibashi,253.718,254.702,0.984,あーなるほど
ishibashi,257.589,259.017,1.428,ヘルメット 的な
ishibashi,270.718,273.554,2.836,確かにね
ishibashi,284.266,289.58,5.314,確かに みんなの思い浮かべてる鍋がそれぞれ違うからね
ishibashi,302.681,303.954,1.273,そうなの
ishibashi,313.663,314.854,1.191,運びやすい
ishibashi,350.829,352.881,2.052,スロット 叩くやつも鍋
ishibashi,357.781,358.763,0.982,シリーズだ
ishibashi,363.17,364.774,1.604,確かにね
ishibashi,403.432,404.906,1.474,確かに
ishibashi,412.13,415.635,3.505,中色んな鍋の種類あったらいろんな 円の大きさをかけるね
ishibashi,428.074,432.272,4.198,中どうしても鍋って冬のイメージあるから夏に何か使えるといいね
ichikawa,3.306,5.272,1.966,あしました
ichikawa,8.23,9.753,1.523,鍋
ichikawa,11.604,14.499,2.895,やっぱりでしょう ヘルメットとしての
ichikawa,18.065,18.93,0.865,やっぱり
ichikawa,22.104,26.192,4.088,じゃあ あのあれをあの朝だよカンカンカン
ichikawa,27.445,31.504,4.059,音を出す道具としての
ichikawa,53.532,55.502,1.97,ベッド的なね 家で
ichikawa,64.888,73.087,8.199,あと丸い鍋だったら 中華鍋 だったらの針とか付けたらおしゃれな時計みたいになりそうですか
ichikawa,74.574,76.625,2.051,飾り物としての鍋
ichikawa,83.872,84.909,1.037,なんかイメージある
ichikawa,95.952,97.309,1.357,私もあるよ
ichikawa,106.763,109.313,2.55,あじさい
ichikawa,111.995,114.59,2.595,アビス 珍田紫陽花 ソーダ
ichikawa,116.681,117.072,0.391,あほんと
ichikawa,118.536,124.719,6.183,あとあれは あのラケット 珠緒 跳ね返せ ソーダからスポーツに使う
ichikawa,129.832,131.141,1.309,テニスとかできそうじゃない
ichikawa,140.118,142.88,2.762,確かに確かに
ichikawa,149.487,152.09,2.603,後はやっぱ 普通に収納ボックス
ichikawa,154.818,157.491,2.673,なんか 家事とかになってもいきそうじゃない
ichikawa,164.654,166.4,1.746,新しくないか
ichikawa,187.085,189.251,2.166,なりそう
ichikawa,191.581,192.09,0.509,あ
ichikawa,193.281,197.742,4.461,そこがあって 起きそうだからあの船とかいかだに使う
ichikawa,199.298,200.036,0.738,のるのる
ichikawa,225.306,226.545,1.239,とらわれてるって
ichikawa,236.781,238.063,1.282,なべか
ichikawa,248.13,250.035,1.905,ファッションとしての帽子ってこと
ichikawa,254.254,257.063,2.809,行ったのはあれだからあの坊やって何だ
ichikawa,262.222,262.809,0.587,後は
ichikawa,264.645,265.036,0.391,総防具
ichikawa,273.397,277.503,4.106,ベレー ベレー 最寄り あれじゃないすか ハットじゃない
ichikawa,284.611,285.708,1.097,そうだよね
ichikawa,287.662,290.432,2.77,前提 ってやつ 前提が違ったってやつこれ
ichikawa,302.963,304.745,1.782,植木鉢になりそう
ichikawa,313.118,314.263,1.145,植物 沸騰させる予定あんの
ichikawa,320.1,320.39,0.29,移動ね
ichikawa,322.631,324.131,1.5,後は
ichikawa,326.813,328.543,1.73,04
ichikawa,333.097,336.009,2.912,あの 育てると 調理 一連 行きますよって
ichikawa,353.972,358.285,4.313,なるほどなるほど あれで全てがね
ichikawa,371.136,373.906,2.77,まだ何か 溶かす 溶かすとかがまだ残ってる
ichikawa,376.277,379.054,2.777,溶かして何か
ichikawa,381.849,383.472,1.623,あ そっか 原材料に戻るだけか
ichikawa,388.509,389.927,1.418,原型
ichikawa,390.09,390.7,0.61,じゃあ
ichikawa,392.093,400.472,8.379,後は丸井からあの なんか丸い あれを書きたいとき 鍋の底をなぞればいい
ichikawa,423.766,425.697,1.931,そうだな 鍋
ichikawa,432.054,434.329,2.275,確かにナッツ
